Ts,I,SD,Success,Type
9.843510384287415,12,3426.8518907894945,1,Fixed
27.89182139541747,16,3499.572959077952,1,RL
11.07890612539617,14,3303.570293728226,1,Fixed
12.273894351964243,17,3308.1723019359697,1,RL
11.263644107050462,9,2858.0183196070175,1,Fixed
12.644503616146677,15,3062.922501576563,1,RL
9.006521511238413,10,3253.5237796520582,1,Fixed
9.818457979886732,12,3416.285732893523,1,RL
11.33006014997884,13,3455.0939283653033,1,Fixed
9.386628219566422,15,3844.730513461651,1,RL
13.96924236783315,12,3512.4633544899684,1,Fixed
16.527982139602017,16,3981.1191617326026,1,RL
10.862418922034873,13,3104.301517753344,1,Fixed
20.36285227364257,15,4541.852524436015,1,RL
10.632215287275198,13,2886.19369288268,1,Fixed
12.313288737684243,11,3574.189408451874,1,RL
11.476626937937962,14,3295.385059272148,1,Fixed
21.712060365527616,17,3318.423619878291,1,RL
18.19974771086114,14,3346.675609277346,1,Fixed
17.364439930428986,10,3151.585135045322,1,RL
26.622078355184563,13,2994.582024762417,1,Fixed
19.027787292856367,11,3220.648495181173,1,RL
20.955213022202635,16,4214.34054473804,1,Fixed
16.094786960178098,16,3717.127147746461,1,RL
12.26616319660631,14,3543.9051696342794,1,Fixed
10.452070638440455,15,4159.806494369999,1,RL
12.718649796607455,12,3161.468677217967,1,Fixed
16.964850491286306,10,3062.452068829999,1,RL
12.47920783298478,14,3119.873388862267,1,Fixed
17.38538344574868,16,4609.26263650143,1,RL
13.614970396035272,12,3546.4681081761205,1,Fixed
9.431850381149419,15,3076.8074912311445,1,RL
17.315788131348185,14,3351.491713771774,1,Fixed
18.69122237631528,13,3511.18567241007,1,RL
11.693261267520727,13,3311.4818787902577,1,Fixed
14.113153848438063,13,2387.157109865975,1,RL
8.078478318090982,16,3654.7941460138895,1,Fixed
12.04460832846381,15,5135.025855223522,1,RL
19.70713208836357,16,3623.1054979247137,1,Fixed
14.070030484333103,13,4461.671538946568,1,RL
8.748255235277828,12,3371.698408234304,1,Fixed
11.30668334965279,13,4511.547431202812,1,RL
12.25060190712487,15,3122.2238489730316,1,Fixed
30.77899576995272,15,3401.0868420121465,1,RL
11.131835795276547,11,3073.4186947370854,1,Fixed
17.007720777247563,20,4586.286526269562,1,RL
13.363044624991582,15,3634.1922356110113,1,Fixed
17.56042211217498,13,2968.896413404283,1,RL
19.42208147762762,14,3411.516019201213,1,Fixed
16.093848732943226,10,3454.5734139249835,1,RL
13.531779305794169,15,3464.1533199934306,1,Fixed
20.825792450075078,14,3918.997800044205,1,RL
20.16287574572051,13,3084.5588421641114,1,Fixed
13.78188268059965,15,2468.878345844615,1,RL
13.099502878454995,12,3387.1021629090196,1,Fixed
15.96240311579621,16,3202.45411813295,1,RL
14.712682892256955,14,3561.8305312003695,1,Fixed
17.922772711508998,10,2909.463273596308,1,RL
19.491525743828397,15,3212.4764162190304,1,Fixed
19.319545912727243,13,4382.3790460049295,1,RL
12.645332096530229,10,2917.5832641583243,1,Fixed
13.553094110529013,12,3682.020176786249,1,RL
20.57341026566042,15,3489.3664263697874,1,Fixed
11.517115965954513,14,2926.1784338057105,1,RL
12.1940002866483,8,3028.2756968955546,1,Fixed
14.594186381023047,13,2493.045770063037,1,RL
10.566952184635909,13,2774.223151235764,1,Fixed
16.60614138903337,8,2606.5904572304203,1,RL
13.83470598640298,10,2969.4773491238443,1,Fixed
23.497560788211622,17,3579.167617942015,1,RL
21.873382044575877,16,3831.5144456485536,1,Fixed
14.02703410551005,18,3566.167434472033,1,RL
14.010850651040688,14,3190.848415451832,1,Fixed
18.430276584174955,12,3148.840269158771,1,RL
14.678824768471026,14,3323.0635505742102,1,Fixed
21.368415330427613,17,3607.82794202403,1,RL
11.862400121196215,16,3184.066340569807,1,Fixed
19.608290775975863,16,3648.639450264608,1,RL
19.0374988859744,12,3294.9855311719166,1,Fixed
6.847110995250475,12,2071.9698586052264,1,RL
12.776468219753884,14,3125.3816609030746,1,Fixed
8.49522081695298,13,3526.100979604502,1,RL
11.486097055438048,13,3064.2636617012363,1,Fixed
9.601206310495279,15,2706.935620963145,1,RL
16.0307860439537,13,3028.059001053967,1,Fixed
15.455360331108025,12,3403.7925273764968,1,RL
8.659610754504838,10,2683.997484451939,1,Fixed
14.033732220148575,19,3759.9343697618324,1,RL
14.019609630606979,14,3261.894587090538,1,Fixed
6.15316994892749,13,1651.3526461861975,1,RL
17.979105266196036,14,3214.6073895897407,1,Fixed
15.371203089945542,15,3293.2036796100897,1,RL
15.032336073952218,11,3246.7165722361096,1,Fixed
8.685532596624139,14,3212.420849145555,1,RL
18.276558084151915,13,2750.4875372439965,1,Fixed
24.34712496785226,12,4161.54696815975,1,RL
22.009645599804017,12,3075.0898129041684,1,Fixed
16.701315820961092,13,3834.0604546190707,1,RL
14.364906912685095,17,3166.7212319037085,1,Fixed
15.970690037086385,11,3218.740951587247,1,RL
12.747893062709727,15,3093.590927651805,1,Fixed
11.131458526077939,11,2943.5905800297496,1,RL
13.443073508093832,16,3324.4948289132158,1,Fixed
23.98579852520226,12,3322.3549364157884,1,RL
17.812879974300092,14,3828.3615286633826,1,Fixed
8.143574589768487,17,2763.943762671722,1,RL
10.072060840120013,12,2927.065330719788,1,Fixed
16.295779580817033,17,4806.17586750986,1,RL
19.771955161187687,12,3276.250491490276,1,Fixed
16.801689602675726,10,2730.5767315764865,1,RL
12.648444670327482,14,3039.63858762919,1,Fixed
14.48083195613501,17,3506.129470678822,1,RL
19.47544561906488,14,3229.7498336164185,1,Fixed
12.109854608644792,13,3309.110819333042,1,RL
14.772224689594442,11,2781.1974056570402,1,Fixed
20.87730370766087,12,3305.675507232129,1,RL
12.656615713745307,14,3213.1314010858955,1,Fixed
12.929117220068406,15,3150.4614422514437,1,RL
19.62957226325074,11,3212.1777870974875,1,Fixed
14.287212825526165,20,3577.850240673847,1,RL
21.49690730080988,12,3331.183821496048,1,Fixed
9.873056424911908,15,2846.021934803335,1,RL
7.5287621721347495,13,3132.043783309426,1,Fixed
15.765738810869209,12,2910.4778437035084,1,RL
17.600711799297343,13,3096.7436361531913,1,Fixed
12.127491495319571,13,3206.920323200953,1,RL
9.472513355110598,12,2869.3607796940087,1,Fixed
10.497907196259428,16,3600.738120165578,1,RL
11.058261034658182,11,3188.8347935499482,1,Fixed
5.979795955125623,22,2863.6662207129457,1,RL
10.661949220075908,11,3164.782571898987,1,Fixed
9.186018552650294,16,2845.859785653954,1,RL
16.215181401349383,10,3189.315284436714,1,Fixed
9.175789711722128,15,3375.0387928947,1,RL
22.820765735881682,11,3204.9044715462824,1,Fixed
17.493313691596413,16,3073.879288379419,1,RL
23.468210423198414,15,3415.187990387096,1,Fixed
16.586127312541922,13,3005.7118628311155,1,RL
19.833649200385167,15,3243.190918046434,1,Fixed
9.43814372381901,13,2556.863243847798,1,RL
26.68889152379068,13,3829.5015050953034,1,Fixed
13.18696843792882,19,3744.8162190018516,1,RL
8.189883536394277,8,2828.5133228266027,1,Fixed
12.051734216689221,9,3628.78123332064,1,RL
12.034579207068926,16,3398.7022753452143,1,Fixed
6.092178872548581,11,1685.9193154263223,1,RL
14.74591246286487,14,3103.6797330983222,1,Fixed
14.237947293933738,17,3688.7807660607264,1,RL
19.1740952937632,12,3246.7479322571007,1,Fixed
21.46057576218694,15,4059.408741996771,1,RL
11.44092926528839,15,3097.5137299887033,1,Fixed
14.712487199311806,14,3430.9320980555785,1,RL
8.496574266353878,13,3569.3762540395446,1,Fixed
17.174638823027223,15,2280.0688140990123,1,RL
9.195404279703878,13,3408.0499617045375,1,Fixed
9.02923321449033,12,2859.4228511143247,1,RL
11.696887275506679,11,3501.8878476913515,1,Fixed
300.0,300,2140.4019124366123,0,RL
19.939313638959806,12,3589.864186685378,1,Fixed
20.288900197810825,12,3417.8163538737995,1,RL
15.774710778582579,17,3425.1154552311486,1,Fixed
9.479865757458601,11,2457.78701953131,1,RL
20.601633907839314,15,3559.9056026062603,1,Fixed
22.324752335028958,15,3680.001412470566,1,RL
12.334504506773014,12,3094.1024532576175,1,Fixed
16.019249107818176,19,3783.0955904302255,1,RL
25.136002506799763,15,3621.0541099542816,1,Fixed
12.640791729021203,9,3046.119811173766,1,RL
9.083308946184244,11,2970.552642842243,1,Fixed
10.799581584733037,16,3367.0272913762196,1,RL
11.838485792001666,13,3374.6974065440318,1,Fixed
8.7141011546437,7,2606.284119794588,1,RL
27.570230286161426,12,2790.022826417106,1,Fixed
19.970557511518557,13,3969.7889616509374,1,RL
9.42555226693172,15,3248.3075125723303,1,Fixed
14.820612410579404,14,2915.132594536308,1,RL
9.599627557547722,13,3124.8847840212493,1,Fixed
11.107832988421446,14,3004.011687754408,1,RL
20.746536158407658,15,3610.644852229336,1,Fixed
17.05467152315911,16,3099.4954800232617,1,RL
19.663493032242304,13,3646.576999278437,1,Fixed
12.658972555177726,17,3412.482467790575,1,RL
19.850634310964402,14,3235.387940431276,1,Fixed
11.658039292848082,15,3696.541281830525,1,RL
16.820853115821834,14,3432.649768226701,1,Fixed
9.566558463374328,13,2111.077095251797,1,RL
17.162098232620796,14,3262.9574837620385,1,Fixed
10.453830266407847,9,3160.5801564021135,1,RL
10.763003710303753,15,3006.9656320362064,1,Fixed
10.855187427453327,10,2984.1475122795846,1,RL
14.434260805164175,14,3503.5923599245025,1,Fixed
9.065488919411976,9,2148.3250543843574,1,RL
12.508478691391629,13,3437.1751335583663,1,Fixed
12.606475099507131,15,3451.7761933770594,1,RL
14.071242140083527,9,3055.003231602619,1,Fixed
13.171560529416169,12,2510.877604096505,1,RL
9.003411550941895,14,3206.4543807887612,1,Fixed
33.69290689022312,14,4814.74055847215,1,RL
15.553869315127432,15,3259.207611157581,1,Fixed
300.0,300,2308.7873960669212,0,RL
